Constituency,Self employment income mean,Self employment income median,Employment income mean,Employment income median,Pension income mean,Pension income median,Total income mean,Total income medianBerwick-upon-Tweed,16400,13100,25000,19100,17200,15500,28600,21000Bishop Auckland,18700,11300,23800,20600,15200,13600,26900,21000Blaydon,15100,11600,25700,21500,14600,12900,25800,20300Blyth Valley,13600,10700,23300,19900,13400,12500,24000,19700City of Durham,20100,13700,28200,21800,16700,14400,30000,22300Darlington,15500,11400,24000,19200,13800,13200,24900,19300Easington,17400,11300,23000,19100,11600,11200,24200,19500Gateshead,14200,12200,23200,19600,12500,12200,23600,19300Hartlepool,16600,11100,24900,21100,14900,14600,26100,21200Hexham,24100,12200,27800,20700,18800,14300,33400,22600Houghton and Sunderland South,18100,14800,24200,19500,14500,14600,25500,20500Jarrow,16300,11300,23500,20000,14200,12800,24600,20100Middlesbrough,12800,11400,21600,18000,15300,14600,22900,19000Middlesbrough South and East Cleveland,16500,12000,25500,20900,15800,14600,26700,21700Newcastle upon Tyne Central,18700,10600,28200,19700,16200,12900,30200,19700Newcastle upon Tyne East,19600,11900,27400,21800,16500,14600,29700,22600Newcastle upon Tyne North,22200,11500,26200,20900,15400,14700,27900,21700North Durham,16000,12200,23900,20700,14100,12800,24000,19700North Tyneside,15000,10100,24400,20500,14800,14100,25100,20700North West Durham,19100,12700,24400,20100,15000,13800,25800,20100Redcar,15800,11300,24200,19600,14900,14700,24200,18700Sedgefield,13800,10200,24900,20400,15000,12500,27000,21600South Shields,15200,10600,24200,19800,13200,12300,26100,21000Stockton North,18200,12600,25400,20200,14400,13800,27100,21100Stockton South,21100,12100,27600,21900,15300,14000,29500,22200Sunderland Central,14100,11700,24500,21600,14500,12700,25000,21200Tynemouth,20600,10800,27900,22900,16300,13700,29600,23700Wansbeck,19300,15700,24300,19300,16000,14700,25800,20400Washington and Sunderland West,19000,14700,23300,20300,13800,13700,24600,20600Altrincham and Sale West,37100,13200,40100,23800,19200,14600,46300,27600Ashton-under-Lyne,14100,11900,22600,19700,14200,13000,23700,19500Barrow and Furness,15600,10600,25300,21600,14300,13300,27200,22400Birkenhead,16200,12500,24100,18900,15000,13900,25400,19200Blackburn,13900,11900,20600,17600,14800,13300,22500,18900Blackley and Broughton,13800,11300,21400,17500,13500,12000,23300,18200Blackpool North and Cleveleys,17600,11200,21600,17800,13900,12700,22200,18000Blackpool South,12100,11100,21400,17100,14200,12600,22400,17700Bolton North East,22900,16700,23400,19400,16100,13900,25200,19700Bolton South East,15600,12500,22800,19500,13100,12300,23200,19400Bolton West,26500,12800,26700,21600,15300,13000,30100,22200Bootle,17600,14200,21800,18500,13900,13500,22500,19000Burnley,15100,12400,23500,19900,13900,12800,24600,20500Bury North,17700,11200,24700,20600,16400,15200,27100,21500Bury South,18300,12400,24100,19700,16700,14500,26900,20900Carlisle,16000,12600,23200,19900,13800,12500,24100,19000Cheadle,23300,11300,30300,22000,18600,15400,34500,25100Chorley,15500,11900,25600,20600,16400,14000,28200,22200City of Chester,18700,11100,28100,20100,18700,15100,30800,23100Congleton,16500,11900,31100,22000,16600,14100,33300,22400Copeland,15700,11400,29800,22500,16500,13600,31400,24800Crewe and Nantwich,17300,10400,26900,21300,15000,14100,28500,22200Denton and Reddish,15400,11700,23500,20700,15000,14000,24700,21300Eddisbury,22000,11800,30400,21000,18800,13800,35500,24200Ellesmere Port and Neston,12600,10400,27200,21700,16600,14300,29300,23200Fylde,18500,10400,28100,21400,18000,15500,30200,21800Garston and Halewood,22900,11900,26800,19200,14500,11900,29100,20700Halton,15900,11400,24800,20700,14200,13800,26100,21100Hazel Grove,17500,12500,26900,22200,17500,16300,29700,23300Heywood and Middleton,15600,12100,24800,20300,14700,12500,26400,20600Hyndburn,14600,12000,22300,19400,14000,14400,23400,19700Knowsley,15000,12500,24100,21400,13100,12800,23700,19600Lancaster and Fleetwood,15600,11900,23500,19100,14600,13500,26500,21100Leigh,15600,12600,23300,19800,14900,14300,24900,20500Liverpool Riverside,19900,10900,25600,21500,14500,13000,27400,21500Liverpool Walton,13600,12500,21900,18800,11700,11800,22100,18800Liverpool Wavertree,17700,11200,24200,20100,15400,13600,25800,21100Liverpool West Derby,23000,11400,24700,22000,12900,13300,25500,21400Macclesfield,23700,13100,32000,21500,19200,15300,35700,24300Makerfield,14900,12200,23400,20200,13400,12400,24300,20100Manchester Central,23700,12300,23500,19700,13100,12700,26000,20200Manchester Gorton,11600,10400,22500,19100,15400,14400,23600,20100Manchester Withington,22500,10900,29800,22700,16600,12800,33100,24400Morecambe and Lunesdale,15500,11800,23300,18400,15200,12800,25700,20100Oldham East and Saddleworth,20600,12200,26300,20400,15900,14100,28700,21200Oldham West and Royton,14400,11400,22100,18400,13000,12700,23200,18800Pendle,19000,12500,22400,18700,14500,12600,25300,19000Penrith and The Border,13800,11700,22000,17400,16300,14700,26500,21600Preston,12000,11100,21400,18600,13700,12200,22100,18600Ribble Valley,18400,11200,25900,19700,17200,14400,30000,21400Rochdale,14900,11300,22300,18700,14000,12700,23600,18800Rossendale and Darwen,17800,12500,25800,20900,15000,14100,27500,20900Salford and Eccles,16200,14700,24300,20700,13300,13400,25700,20900Sefton Central,21100,11500,29400,21700,18400,15900,32600,23500South Ribble,19800,10200,25300,20100,16300,14400,27700,21100Southport,21200,13500,24000,18900,17800,14000,27000,20500St Helens North,16900,14900,24000,20600,14700,14100,25200,20800St Helens South and Whiston,19900,14000,25500,22000,14800,12800,26500,21900Stalybridge and Hyde,20600,14100,23300,19100,14500,13000,25000,19400Stockport,18800,13200,25600,21000,14700,12700,27400,21300Stretford and Urmston,19000,12300,26000,21000,15900,13700,27900,22400Tatton,28000,12400,39700,21500,21400,16700,50400,26500Wallasey,14600,11900,22700,18900,13300,12800,23500,19100Warrington North,18000,11900,24600,19900,14800,13600,26900,20500Warrington South,23500,12700,30300,22600,16100,13800,33300,23800Weaver Vale,20000,11800,29100,19900,17100,14500,31300,21400West Lancashire,24200,9300,25500,20000,17300,14100,29300,21200Westmorland and Lonsdale,17500,12100,21700,17100,18200,14100,27800,21300Wigan,17500,14300,23100,18900,13800,13100,24300,19400Wirral South,22700,10400,27500,22500,18500,16700,30700,24800Wirral West,25400,10800,28200,22000,17400,15200,30200,21700Workington,15900,11700,24700,19400,15500,13600,26500,20500Worsley and Eccles South,22500,12100,25800,21200,14600,13000,27800,22400Wyre and Preston North,18500,12400,27300,21400,15700,13500,29300,22100Wythenshawe and Sale East,17500,11400,24900,20200,14300,11900,27200,21100Barnsley Central,18200,15200,23500,20100,12900,11500,23900,19900Barnsley East,16500,14700,22400,19000,13100,12600,23400,19400Batley and Spen,15100,11600,24600,20600,14100,13500,25600,20400Beverley and Holderness,17600,13900,24300,19200,15100,13500,27900,21100Bradford East,14400,10500,22500,19500,14100,12600,23600,19700Bradford South,14500,12900,21500,19200,13300,12100,22700,19400Bradford West,15300,12000,22000,18300,14000,13500,23600,19400Brigg and Goole,17700,12700,26200,21100,15200,14400,27200,21200Calder Valley,16200,11900,27100,21600,15500,13000,29000,22000Cleethorpes,17200,10900,25600,20900,14900,12700,27900,21800Colne Valley,19000,12000,26400,19700,16500,14000,28900,21300Dewsbury,19700,13300,25200,20300,15800,13900,28500,20700Don Valley,18600,12700,24300,19400,14500,13300,25900,19900Doncaster Central,19300,15100,22700,18300,14600,13700,24100,19000Doncaster North,12900,12000,22800,18300,13800,12900,24800,18500East Yorkshire,16800,12100,22500,18100,14300,12300,26400,20300Elmet and Rothwell,26600,11500,29300,22100,17700,14200,34200,23900Great Grimsby,12400,11000,21700,18900,12100,11400,23300,19900Halifax,14900,11800,24400,20300,14800,12800,25400,20300Haltemprice and Howden,20600,13300,28800,20000,17200,14200,32700,23500Harrogate and Knaresborough,23700,12100,28700,20500,18600,14000,34600,23400Hemsworth,18400,12500,23800,21000,16300,13100,25800,21500Huddersfield,17500,11400,22700,18800,16000,15000,24900,19900Keighley,23500,12200,25900,20200,17700,14300,29700,21300Kingston upon Hull East,13700,13200,22000,19000,11800,11900,22700,19000Kingston upon Hull North,16100,13600,22500,19100,11800,12400,23700,19600Kingston upon Hull West and Hessle,14100,11800,22100,18600,13100,11600,23500,19400Leeds Central,18400,12700,22300,19200,12000,12400,22800,19100Leeds East,14400,12600,21200,18200,14800,13600,22200,17800Leeds North East,24300,12200,30300,23500,17500,14200,34200,25600Leeds North West,24700,11100,30400,24800,18300,15500,33600,25300Leeds West,15100,12700,22900,19800,13600,13300,23200,19800Morley and Outwood,16600,12700,26800,22200,14500,13700,27900,22700"Normanton, Pontefract and Castleford",17300,14500,23100,20000,13900,13000,24200,19900Penistone and Stocksbridge,21100,11400,26700,22100,15400,13800,29300,22600Pudsey,24100,13600,27800,23200,15400,13900,29800,23900Richmond (Yorks),19100,12300,26000,21500,17700,14900,30000,22400Rother Valley,15200,10800,24300,19700,15300,14300,26200,20400Rotherham,16300,13000,22500,18900,12500,11900,23100,18800Scarborough and Whitby,14500,11100,21900,17000,16100,14300,25800,19400Scunthorpe,19400,11400,23600,19600,14500,12900,25000,19800Selby and Ainsty,22100,12000,29400,22000,16600,14600,33700,24100Sheffield Central,33300,10600,24200,20200,17000,14400,28300,20900Sheffield South East,17900,15100,22900,20100,12800,12300,23300,19400Sheffield Brightside and Hillsborough,15000,12200,22100,19600,12400,11500,22800,19800Sheffield Hallam,33100,11700,30900,23300,19800,17600,36900,26000Sheffield Heeley,14100,12300,22900,19000,14000,13100,23700,19000Shipley,24600,11800,28100,21700,17000,15400,31300,23200Skipton and Ripon,21400,12400,27100,19700,16900,14500,32100,22400Thirsk and Malton,18700,10800,25300,19400,16300,13100,30300,21800Wakefield,15600,13800,24600,20800,14100,12600,26200,21300Wentworth and Dearne,15700,11600,23000,20000,13400,13600,23900,20100York Central,18900,12500,24600,19900,14800,13500,26400,20200York Outer,18800,11200,29100,22100,18800,17100,31600,23900Amber Valley,16500,12700,24100,20600,13600,12500,25100,20100Ashfield,15500,14000,22200,19500,13100,12900,23100,19300Bassetlaw,18400,12100,25600,19800,14800,13300,27400,20600Bolsover,17200,12500,22000,18300,12500,11800,23600,18600Boston and Skegness,19400,11600,20300,17000,14500,12600,22900,17800Bosworth,17400,10500,27400,21400,16800,13200,30100,22200Broxtowe,19600,13800,27000,22200,15000,13600,28600,22500Charnwood,24800,13900,27800,22400,16300,13800,31100,23400Chesterfield,17600,14000,23700,20000,15100,13300,25600,20600Corby,19300,12900,25900,19100,16000,13200,28700,21000Daventry,25500,13600,32200,22300,16600,13500,36700,24600Derby North,16400,11800,25900,20300,15200,13200,27400,20700Derby South,14000,10300,23500,19500,13500,12500,23800,18500Derbyshire Dales,20800,11200,31600,20800,19100,15100,37100,24100Erewash,18900,13300,24800,20700,13500,12600,25500,20600Gainsborough,16500,9710,26900,23000,16700,14000,30100,24700Gedling,15200,11800,23400,20300,15900,14000,25700,21600Grantham and Stamford,18900,12100,27400,19500,16300,14300,30200,21900Harborough,21500,12800,27300,20300,16100,13500,30200,21600High Peak,18200,12600,26100,20600,16900,14700,29600,23200Kettering,19500,13000,25900,20700,15100,13400,27800,21100Leicester East,14400,11600,20000,17500,12500,11800,21700,17700Leicester South,14900,8720,23400,18900,15200,12400,25800,20500Leicester West,13900,11600,21300,19600,11600,10900,21700,19300Lincoln,14800,11300,23500,20000,15700,14100,25100,21300Loughborough,15000,11100,26700,20700,14800,13300,28500,21500Louth and Horncastle,18200,10600,22300,17300,15100,12600,25300,19300Mansfield,15300,13300,22200,17600,14600,13700,23600,18800Mid Derbyshire,19300,14800,30000,23500,16500,13200,30100,22100Newark,21200,11100,25700,18000,17100,14000,30000,21100North East Derbyshire,15200,12700,25900,21400,14700,14400,27600,21300North West Leicestershire,17100,12400,28400,20900,15900,13600,30500,23200Northampton North,18300,14500,23600,19900,13800,13500,25100,20800Northampton South,17900,14200,23200,19400,14900,12800,25100,20200Nottingham East,13500,9670,24300,19900,14800,14200,25300,19500Nottingham North,15000,14000,20700,18700,11400,12100,21200,18400Nottingham South,17800,11000,27400,19900,16500,13900,28500,20200Rushcliffe,20200,11700,33600,23500,19300,16300,36500,26400Rutland and Melton,20500,12500,31000,21500,18000,13900,34600,23400Sherwood,17300,12600,25700,21100,15400,14400,27600,21500Sleaford and North Hykeham,17200,12800,26400,21300,16500,14400,29100,22800South Derbyshire,17100,12900,28500,21900,16100,15000,31100,23600South Holland and The Deepings,20700,13200,23700,19100,15300,13500,26000,19900South Leicestershire,21200,14100,27700,21700,14500,13500,30200,22500South Northamptonshire,24100,11700,34100,22400,16300,13600,38000,24100Wellingborough,13700,12200,24800,20300,14500,13100,26600,21000Aldridge-Brownhills,15100,13100,26100,21100,15800,14600,27000,21100Birmingham Edgbaston,27300,9960,28200,21700,16400,12600,32400,22900Birmingham Erdington,16900,14200,21700,19400,11100,11500,21700,18700Birmingham Hall Green,25300,11000,25100,19800,15600,13600,28000,20600Birmingham Hodge Hill,13500,11200,20700,18600,11600,11300,21000,17600Birmingham Ladywood,23800,10000,24400,17800,,,26400,18600Birmingham Northfield,17700,14400,23200,19700,12800,11900,24000,19700Birmingham Perry Barr,9910,10100,21500,18800,11400,11800,22100,18600Birmingham Selly Oak,22200,14500,25900,22000,14400,13000,26900,21200Birmingham Yardley,17100,14700,23000,20600,11800,11700,23400,20300Bromsgrove,23300,11500,30100,21700,17300,14300,35000,24900Burton,16900,13300,24900,19000,15700,13300,27000,20500Cannock Chase,17700,14700,23700,20800,13600,13000,24600,20000Coventry North East,14900,12600,22800,19300,12600,12900,23300,19100Coventry North West,15800,12600,25200,22000,14200,13100,25300,21000Coventry South,16200,11200,26100,21000,14200,12100,27400,21300Dudley North,15800,12800,21900,18900,13400,12700,22900,18800Dudley South,14900,12000,23700,20600,12500,11300,24600,20800Halesowen and Rowley Regis,16900,16500,24100,20600,14300,13000,24800,20100Hereford and South Herefordshire,17300,10500,22800,18500,15600,12400,26200,19700Kenilworth and Southam,21800,11000,35200,24400,19000,15400,39700,26300Lichfield,15400,12100,30500,21500,17000,15100,32600,23700Ludlow,20800,12100,25900,19900,17300,13300,31100,22600Meriden,22500,12500,29900,21900,17100,14100,33000,23300Mid Worcestershire,18500,11200,28900,20400,17700,14800,31500,21200Newcastle-under-Lyme,18200,14400,23000,18600,14500,13200,24400,19300North Herefordshire,17900,11700,24600,19000,17900,14600,29400,22100North Shropshire,19300,11800,23400,18000,15000,13100,27100,19600North Warwickshire,15900,14500,25200,20100,13100,12200,27200,21200Nuneaton,19700,12500,24800,21100,14000,12400,26600,21400Redditch,22700,11100,25300,20400,15200,13700,27800,21200Rugby,16400,10600,27700,22100,15900,13300,28800,22300Shrewsbury and Atcham,17200,11200,26300,21200,16700,14700,29500,22100Solihull,28300,14600,31400,23000,18900,16200,34000,24400South Staffordshire,19200,11500,26100,21000,16200,13800,29300,21800Stafford,15900,11200,25200,20700,16700,14900,27500,21500Staffordshire Moorlands,16900,10500,25100,20600,16000,13400,28500,22900Stoke-on-Trent Central,14700,12500,21800,18900,12500,12500,21800,18600Stoke-on-Trent North,15300,13600,21000,18300,11900,11500,21200,17800Stoke-on-Trent South,15700,11600,21100,18500,12300,11900,21600,18000Stone,20100,11500,28100,21600,16300,14100,32400,23000Stourbridge,18000,12700,25400,21900,14700,13100,27000,22200Stratford-on-Avon,21400,9700,33300,21000,19300,13900,38200,24400Sutton Coldfield,27200,12600,32000,24900,16900,13700,34900,25400Tamworth,21700,12200,26200,21200,15200,13200,29900,22100Telford,15800,12500,23400,19600,12700,11400,24300,19700The Wrekin,13700,10900,26400,19400,15000,13400,28700,21000Walsall North,16200,14300,21100,18800,12700,12900,22000,18900Walsall South,18900,14300,23400,17900,13400,11600,25100,18400Warley,13200,11000,22500,19300,11600,12000,22600,18800Warwick and Leamington,19900,11500,32400,23500,17500,14000,35100,25400West Bromwich East,11100,11600,22300,20100,12800,12800,22400,19000West Bromwich West,12300,12900,22600,19100,12100,12100,22300,18400West Worcestershire,19700,12000,28300,19600,17100,14500,31900,22300Wolverhampton North East,13200,14200,21000,18300,11700,13300,21100,17600Wolverhampton South East,14700,12300,21400,19500,11500,11600,21200,18600Wolverhampton South West,21100,13000,25000,20300,14800,12900,27500,20900Worcester,16500,12600,27100,21000,14900,12600,29000,22500Wyre Forest,17000,12600,24100,19300,15000,13200,26500,20500Basildon and Billericay,21300,14000,34000,21900,17100,15100,35700,24000Bedford,20100,14100,25200,20500,16000,14800,27100,21100Braintree,21700,13800,29800,21500,17000,13700,32500,23000Brentwood and Ongar,21600,12700,43200,26900,19200,15300,45300,28100Broadland,18900,11400,24600,18000,16500,13000,29000,21600Broxbourne,24600,14200,30100,20400,17600,14500,33200,22600Bury St Edmunds,19100,12600,27800,22700,16300,14800,30600,24100Cambridge,31100,6410,34100,23200,18900,14800,39700,25400Castle Point,16200,13600,30700,24200,17000,15200,29900,23500Central Suffolk and North Ipswich,19900,12500,30600,22700,16700,14000,33200,24200Chelmsford,28600,12800,33200,24600,18800,15800,35900,26000Clacton,15800,11900,20700,17100,15200,13300,22900,18100Colchester,16600,12400,27200,21200,17000,16000,28500,21900Epping Forest,31400,14600,37800,24200,17600,14200,45500,27700Great Yarmouth,14500,11000,23300,18600,14100,12400,24900,18700Harlow,17500,14000,26500,20900,14500,13600,27900,21400Harwich and North Essex,18900,13800,28700,20000,15600,12600,31300,21500Hemel Hempstead,20100,14300,32500,24800,16400,14000,34600,25300Hertford and Stortford,24700,12600,36900,24600,19000,14500,41300,27700Hertsmere,41500,14900,34900,23100,18400,13600,42000,26500Hitchin and Harpenden,60800,12200,44500,27000,20000,15000,51400,29200Huntingdon,23300,14800,28300,21100,16400,13600,31500,22600Ipswich,15500,13200,24200,19600,14900,13100,25300,19900Luton North,17400,13600,25100,21000,14500,13100,26300,21800Luton South,15900,13000,24200,20600,14400,13400,25700,21000Maldon,21300,12700,30600,21300,18200,15000,33900,24000Mid Bedfordshire,21700,12600,33300,25300,18200,15900,37000,27500Mid Norfolk,17100,11300,25000,18800,15000,13300,28000,20300North East Bedfordshire,21800,13600,32500,23900,16700,13600,35300,25700North East Cambridgeshire,17700,14400,24600,20700,13800,13000,26400,21700North East Hertfordshire,32500,14300,36200,23000,19000,13900,40800,24800North Norfolk,21400,11200,22600,17300,17000,15100,26300,19100North West Cambridgeshire,21100,13900,28600,21700,17400,14300,32100,22700North West Norfolk,21600,11800,23800,18800,15400,13200,26800,19700Norwich North,14800,12600,23500,20200,14400,14000,24600,19900Norwich South,20800,13200,25300,20900,16300,13600,27100,20900Peterborough,18200,13200,21900,18400,13900,13500,23700,18800Rayleigh and Wickford,20000,14600,32800,25100,16500,15000,34100,25000Rochford and Southend East,18300,14700,28200,23000,16800,13600,29500,23500Saffron Walden,30700,14100,39700,24200,20000,13800,45000,27700South Basildon and East Thurrock,17700,15400,26500,20500,15800,14100,28100,22000South Cambridgeshire,29300,11600,37400,25500,18200,14500,42500,27500South East Cambridgeshire,20700,11600,30700,23400,17600,14400,34200,24900South Norfolk,18600,12600,27000,21200,16800,14400,30100,22600South Suffolk,19700,13200,29500,20700,17000,14100,31600,22200South West Bedfordshire,19000,16200,28700,23400,14900,13700,29900,23400South West Hertfordshire,36500,14900,46000,26300,22000,18000,53900,31000South West Norfolk,17400,14300,22800,18900,14100,13300,25200,19700Southend West,19400,13200,33600,23800,16900,14000,34600,24500St Albans,34200,12600,42200,27200,19900,15600,45800,30700Stevenage,21500,13900,28000,23300,15100,12600,29500,22900Suffolk Coastal,22600,11500,26500,20600,19200,14800,31900,22500Thurrock,17800,14200,27100,22400,14500,13800,27800,22700Watford,20700,15800,29300,21900,16400,14700,31600,24000Waveney,19100,13300,23800,20400,15500,13600,25300,20600Welwyn Hatfield,23100,11600,30600,22600,18000,14100,34600,25900West Suffolk,24200,14300,25400,19900,14400,12600,29000,21100Witham,26200,12000,33600,22600,17900,15200,36400,24400Barking,17400,15800,24800,21800,11300,11500,25800,22300Battersea,60200,10900,56700,32700,19700,13600,62700,34800Beckenham,28000,13600,39300,27500,20500,16900,42700,29600Bermondsey and Old Southwark,30900,12200,41500,27500,16000,12700,44700,28300Bethnal Green and Bow,23200,13200,33900,25100,14500,12200,36000,26000Bexleyheath and Crayford,16000,13300,29400,25200,15700,15600,29300,23800Brent Central,19800,14400,26500,21000,13900,12500,28500,22100Brent North,17000,14400,26000,20400,15800,13300,28200,21800Brentford and Isleworth,41700,14700,40700,26200,17900,13700,46000,27900Bromley and Chislehurst,26600,16300,38500,26000,21000,16700,40600,28400Camberwell and Peckham,21800,14700,30200,24800,14200,13500,32300,25800Carshalton and Wallington,21500,16900,31200,26300,16500,14300,32400,25900Chelsea and Fulham,114000,15100,90200,31600,27900,13500,117000,36000Chingford and Woodford Green,24400,15400,33300,23700,18200,15900,35800,25300Chipping Barnet,28300,13200,37600,25200,18800,15500,43500,28700Cities of London and Westminster,157000,20100,101000,34200,33200,15300,127000,40800Croydon Central,19300,13200,30000,26200,16400,14800,31900,26200Croydon North,14400,12300,27600,23300,13900,13100,28300,23100Croydon South,26100,15000,36300,25800,19200,16400,37800,26800Dagenham and Rainham,18900,16500,24900,21200,12300,11600,25800,21100Dulwich and West Norwood,41700,13200,40200,26900,17600,11600,45400,28600Ealing Central and Acton,34600,15300,40500,26000,19800,14500,44500,27500Ealing North,16100,13000,27500,22600,15200,14300,28800,23100Ealing Southall,24400,17000,28100,22200,13700,12500,30400,23300East Ham,15500,14000,24500,20000,12200,10900,25200,20000Edmonton,15700,13000,24500,21400,15700,14300,25600,21800Eltham,21600,14300,32400,25800,17200,15600,35100,25600Enfield North,22500,13000,29600,24900,15800,13600,31500,25500Enfield Southgate,35100,15100,36600,25400,19400,16500,43100,28800Erith and Thamesmead,15300,13500,26200,23300,12200,12000,26500,23000Feltham and Heston,17300,12500,25800,22000,12000,11500,27200,22700Finchley and Golders Green,52300,12800,46500,25400,19800,13200,57000,28500Greenwich and Woolwich,24400,13200,36400,24400,15400,14100,38300,24700Hackney North and Stoke Newington,22000,13300,31600,24500,14300,13400,34200,25200Hackney South and Shoreditch,27600,13200,36100,25600,13500,12800,40100,26700Hammersmith,33800,12000,47200,26400,16800,13400,52000,28000Hampstead and Kilburn,110000,14700,67000,30900,23000,13700,86400,35500Harrow East,24900,14500,31200,24000,17500,14700,36100,25000Harrow West,23600,15400,31500,24600,15500,13300,34000,25900Hayes and Harlington,16600,12900,26200,22900,13200,12100,26900,22600Hendon,24600,14800,30700,21100,15900,12100,36500,24000Holborn and St Pancras,92500,17700,46700,26500,20800,14000,60500,29400Hornchurch and Upminster,25500,16300,33800,25300,17400,15100,35000,25300Hornsey and Wood Green,38400,12800,43300,27000,22200,16300,51100,29900Ilford North,20800,16000,31400,23800,16400,13800,33000,25100Ilford South,17900,14200,27400,22000,13900,12200,28700,23000Islington North,34500,15400,41100,28200,17200,13600,44800,29100Islington South and Finsbury,80200,15000,57100,31100,22300,13800,69900,34000Kensington,173000,14900,119000,31600,24300,12700,148000,37600Kingston and Surbiton,23800,13700,36800,26600,17700,14400,38400,27600Lewisham East,22300,14400,32500,25000,16100,14400,33400,24800Lewisham West and Penge,20300,13600,32800,25500,16000,13300,34600,26600Lewisham Deptford,16800,12600,30800,24200,14500,13200,31700,24800Leyton and Wanstead,17600,13700,29800,24200,15200,11200,31300,24800Mitcham and Morden,18200,15400,27000,22500,14900,15200,27500,22800Old Bexley and Sidcup,16500,12800,31800,25000,17400,16400,32500,25100Orpington,29300,15300,38000,25400,19000,16300,39100,26500Poplar and Limehouse,23300,12700,44900,25800,18000,15700,46800,27000Putney,48600,11500,51900,29900,21900,13700,59100,32800Richmond Park,57300,13300,65100,31800,22700,16000,73800,38200Romford,20600,16900,29400,25800,15700,14400,30700,25400"Ruislip, Northwood and Pinner",30300,14700,37600,26000,21300,16700,42100,29600Streatham,26800,12500,37300,27100,15700,13100,39700,27400Sutton and Cheam,19500,13700,32700,25200,17000,13900,34600,25800Tooting,46600,15000,49400,29900,17500,15100,55400,30900Tottenham,16200,13100,25400,21300,13000,12000,26300,21400Twickenham,44900,14700,50400,31400,20000,16500,54400,33600Uxbridge and South Ruislip,17700,14400,32100,27400,15800,14700,32600,26700Vauxhall,29200,11200,42000,27400,15200,12000,44400,27600Walthamstow,17400,15300,26300,21800,13700,12600,27400,22200West Ham,17100,15700,24700,20300,12200,12200,25500,20600Westminster North,89900,14100,69300,27900,25100,14200,81700,32100Wimbledon,86600,15300,52600,31700,25300,17200,64800,34800Aldershot,19800,14200,27700,23000,15200,13700,28700,23500Arundel and South Downs,24200,13300,35800,21600,21500,15500,41000,25700Ashford,21200,13500,29000,21100,17400,14300,32300,23000Aylesbury,,14200,31600,24700,16600,13700,34700,25900Banbury,18600,11100,28300,20500,14800,12200,31400,22800Basingstoke,16300,13100,30300,24900,14500,13200,31000,24900Beaconsfield,40200,13700,48300,25800,22700,16300,55100,29700Bexhill and Battle,22800,11500,25400,18500,18300,14400,30800,21900Bognor Regis and Littlehampton,16800,12300,22200,18100,15500,13200,24500,19000Bracknell,21600,14200,32600,24800,17100,14400,34900,26500Brighton Kemptown,20500,14800,24800,19700,15700,14200,28000,21700Brighton Pavilion,18700,13700,28000,22200,17800,15900,32300,24500Buckingham,22100,11100,37600,24300,18700,14300,40900,26900Canterbury,21600,13400,27300,20900,17900,15100,30900,22700Chatham and Aylesford,18500,17400,27000,23000,15500,13900,27700,22900Chesham and Amersham,37900,13200,48800,23600,21400,15200,53400,29300Chichester,22400,12700,30900,19900,20400,16100,36300,23700Crawley,17600,13700,27000,21800,15600,13600,27700,21900Dartford,20900,15300,29700,23300,16400,15300,31800,24100Dover,16700,12600,23700,18900,16200,13700,25400,19700East Hampshire,23000,12100,35400,22000,19600,15400,39200,25200East Surrey,33400,13100,39500,25600,20100,16200,43300,28700East Worthing and Shoreham,17400,14300,26800,22500,15100,12500,28000,22700Eastbourne,14200,11500,23500,18800,16200,13900,25900,21200Eastleigh,18100,11700,26000,22300,14400,13200,28900,23300Epsom and Ewell,28900,15300,38100,25900,20200,15600,42300,28300Esher and Walton,70800,13400,60700,29300,23700,16700,67200,32400Fareham,16500,12600,27700,22200,17400,15300,30300,23900Faversham and Mid Kent,19900,13900,29800,21900,18600,14800,33000,23500Folkestone and Hythe,15900,11300,25400,18600,16500,14400,28300,21000Gillingham and Rainham,17400,14300,26900,22100,15100,14700,27300,22100Gosport,17000,13200,26400,21400,16000,15700,27900,22600Gravesham,18400,15300,27600,21100,16100,14100,28800,21900Guildford,32600,14400,39700,23900,22000,15000,44800,28000Hastings and Rye,15700,12000,22400,19100,15000,12000,25300,19800Havant,17800,14900,25400,20100,17200,15800,27200,21300Henley,30900,11800,41000,22400,21100,15600,47800,26900Horsham,23700,15100,35400,24800,20800,17700,38300,27000Hove,20100,11700,29500,22200,15100,13100,33800,23600Isle of Wight,16200,11300,22900,18700,16100,14500,25100,19600Lewes,23900,11700,30900,20400,19200,15600,37400,24100Maidenhead,27800,13000,45400,26000,22300,16300,49900,29400Maidstone and The Weald,25000,14300,30600,21500,16700,14500,32400,22300Meon Valley,23100,12400,33000,23000,18900,17100,36600,25200Mid Sussex,23500,14400,35900,22700,19000,15500,38500,24600Milton Keynes North,16400,12200,28700,22500,16000,13500,31000,23900Milton Keynes South,19300,13100,29500,22400,15700,13100,31800,24000Mole Valley,45400,13500,45100,24300,25400,16600,54600,31200New Forest East,19800,11500,27400,21000,17500,14700,30200,22100New Forest West,21200,10800,28100,18600,18800,14300,31800,20700Newbury,34800,15900,35300,23700,17100,12900,39600,25900North East Hampshire,24000,11900,41500,27300,22400,16800,45200,29900North Thanet,16800,12600,24600,20200,16000,13600,26100,20600North West Hampshire,23400,11500,31200,22500,17800,14400,35800,24600Oxford East,21200,11400,28200,23500,16500,14600,30600,24100Oxford West and Abingdon,28200,13400,33000,24500,19400,15700,38100,26700Portsmouth North,16500,12700,24600,21300,15100,13400,26600,22000Portsmouth South,17300,13600,27500,23800,15500,13600,28800,24400Reading East,18300,13200,32100,25300,17900,15300,34000,26400Reading West,17500,13800,28400,22600,16300,14300,30100,23300Reigate,31300,13900,42900,25700,22100,16000,48700,29500Rochester and Strood,18500,15000,27100,22800,15000,13300,27900,22400Romsey and Southampton North,22700,12900,32500,22400,17900,14400,35800,24200Runnymede and Weybridge,25600,12800,48900,26000,20100,14800,50100,28800Sevenoaks,46200,14300,49400,25200,19500,15200,53600,28300Sittingbourne and Sheppey,16600,13300,25300,20600,14900,13700,27200,21700Slough,15500,12400,27500,22500,13600,12200,28800,23100South Thanet,18200,13700,23800,18900,16600,14200,26400,19400South West Surrey,40600,14300,45200,24000,22400,15700,52200,28400Southampton Itchen,15500,14600,25200,21900,12900,13000,25200,21200Southampton Test,16500,13100,24200,21000,15400,13300,26100,21600Spelthorne,22900,16300,30500,23700,17800,14000,32800,25000Surrey Heath,20500,14800,37600,26400,20600,16900,41100,28200Tonbridge and Malling,30000,14100,37000,23400,18800,14300,41400,25900Tunbridge Wells,33000,12100,41900,22600,20000,14600,45200,25000Wantage,22700,13600,35200,24900,18200,14100,38100,26800Wealden,30300,12800,34500,21600,21100,17000,41900,25600Winchester,34600,11600,37600,24300,21200,16800,43800,28300Windsor,27500,11900,46800,27000,19300,13800,51300,29800Witney,27100,11800,30200,22400,18300,14500,36500,25500Woking,35300,14900,41000,26500,20200,14900,44300,28800Wokingham,19300,10900,40400,28400,20800,17100,42200,30700Worthing West,15900,11500,26100,19400,18400,15700,29000,21500Wycombe,26200,13100,33200,23800,17700,14200,36600,25200Bath,24900,15200,28400,21000,19000,14800,33600,24000Bournemouth East,15300,12000,25000,19400,15500,13400,27200,21300Bournemouth West,20200,14300,23300,19100,14100,12700,26000,19900Bridgwater and West Somerset,15200,9450,23400,19500,15100,12600,26800,20700Bristol East,15400,13500,23400,20700,13100,12900,24100,20300Bristol North West,23700,12600,27400,20200,17900,16000,31700,23000Bristol South,16300,13000,23900,21400,13200,13000,25600,22000Bristol West,23800,11300,28400,22900,16400,12600,32700,24400Camborne and Redruth,16600,13000,21500,19000,14600,12400,23600,19700Central Devon,17300,10800,24700,19100,16500,11700,30000,22000Cheltenham,19700,13500,29700,22000,17800,14500,32900,23400Chippenham,21400,15500,26300,20100,16400,14500,29100,22100Christchurch,19800,13900,26200,18400,18800,15900,28900,21500Devizes,19700,13100,31200,23100,17500,13300,35400,25000East Devon,22700,12100,24300,19700,18500,14800,29000,21900Exeter,18600,11800,23000,19500,15300,13200,25600,20500Filton and Bradley Stoke,17900,12000,26900,22100,14900,14200,29100,23000Forest of Dean,16100,10900,26100,20500,15100,13800,28100,21500Gloucester,19400,15100,23200,20300,14200,13200,25200,20900Kingswood,14000,12300,25400,21600,14200,12600,27100,22500Mid Dorset and North Poole,18000,14600,26200,21100,16500,15100,28900,22400Newton Abbot,20400,13300,24300,19700,16500,14600,26600,20700North Cornwall,15100,10600,20000,16900,15200,13200,24300,19400North Devon,15300,11800,21300,17600,16200,14000,24700,19400North Dorset,19700,13600,27100,21200,16800,13600,31100,24000North East Somerset,21700,13500,29100,20300,17500,14500,34200,22600North Somerset,22300,11000,29700,22600,18500,16500,33200,23600North Swindon,14800,13200,25500,20000,13400,12400,26400,20500North Wiltshire,20800,11100,29600,21000,17300,13800,36600,24600Plymouth Moor View,15700,12400,21200,18800,13000,12500,23400,19200Plymouth Sutton and Devonport,18800,12900,23000,19700,13200,12400,24500,19800Poole,19100,11300,26500,20100,17400,13500,30300,22300Salisbury,20800,12400,27600,20400,18900,15700,32000,22800Somerton and Frome,17700,10100,25900,19200,16400,13300,31000,22200South Dorset,18600,10100,23100,18000,16300,15000,26400,21000South East Cornwall,15000,12500,22700,19200,15900,14200,25500,20500South Swindon,13900,12900,26900,19600,15400,13400,28300,20600South West Devon,17500,12500,25200,20600,15700,14300,27900,21700South West Wiltshire,18400,14400,26100,20900,17500,13200,29400,22000St Austell and Newquay,13900,11000,20800,18300,14300,12500,22900,18700St Ives,17400,10600,20000,16400,15300,12000,25900,19500Stroud,24900,13000,28100,20900,17500,15200,33100,24200Taunton Deane,16800,11500,23700,18600,16900,14800,27400,21100Tewkesbury,20700,11800,27200,21400,17100,14700,30600,23600The Cotswolds,28900,12400,36000,19900,20500,15400,43600,25600Thornbury and Yate,23600,12500,28100,22500,17800,15800,32700,25000Tiverton and Honiton,15300,12200,21800,17700,16600,14200,26000,19900Torbay,14900,12200,20800,17800,14900,12400,24100,19000Torridge and West Devon,16100,10900,22900,18100,16700,14300,26100,20800Totnes,16100,11400,20500,16200,16500,13500,26400,19700Truro and Falmouth,19200,13700,24400,19100,17100,15100,29200,21700Wells,17200,12300,24700,18900,17200,13700,29300,21600West Dorset,17100,8820,23800,19300,17600,14700,29200,21800Weston-super-Mare,16900,12400,24300,20000,16100,13600,28100,21600Yeovil,15700,11700,22500,18900,16200,13400,26000,21600Aberavon,13500,9390,24700,21300,14800,14500,26000,21900Aberconwy,14900,10100,22000,18400,17500,15600,25700,20200Alyn and Deeside,16900,11200,25400,21400,15400,14300,27000,22400Arfon,16200,10900,22800,18200,14900,13000,24100,18900Blaenau Gwent,,,21000,19000,12700,12700,21400,19100Brecon and Radnorshire,14900,11700,22300,19500,17000,13000,26000,21200Bridgend,18900,13400,24700,20000,16500,14200,26900,21300Caerphilly,16900,12800,25800,22100,13700,12800,26700,22100Cardiff Central,15900,10700,25800,20100,16800,14400,28800,21800Cardiff North,24100,13200,28500,23400,16800,14600,31400,24000Cardiff South and Penarth,21600,11100,25200,20600,15900,13800,27400,21500Cardiff West,29100,17000,25900,20300,16100,13400,29000,22100Carmarthen East and Dinefwr,11900,8000,23100,19900,15200,14400,25900,20300Carmarthen West and South Pembrokeshire,14700,10400,24800,19000,16500,14500,26900,21300Ceredigion,12300,6890,21100,18400,16600,15300,24500,20500Clwyd South,18900,12900,23800,20700,13700,11900,25700,21100Clwyd West,19300,12400,24200,19800,15000,13300,26600,20700Cynon Valley,12600,10500,22800,20500,13000,11600,23100,19900Delyn,16100,10800,24600,19900,16200,14600,27200,22000Dwyfor Meirionnydd,15400,11000,21200,18300,16800,15200,25300,20700Gower,16600,12600,26600,21000,15600,14100,28900,22500Islwyn,14500,11000,23300,20800,12700,11900,23100,19200Llanelli,14100,11900,23800,20000,14800,12800,24400,20000Merthyr Tydfil and Rhymney,19400,12600,21900,19600,13800,11800,23800,19800Monmouth,21900,10900,27800,20400,16600,14800,31200,22000Montgomeryshire,13500,10700,20900,18000,14700,13200,24000,19000Neath,14900,11600,25300,20800,14400,13300,25300,20700Newport East,13500,10800,24500,20800,14600,13800,25900,21500Newport West,12400,11700,25400,21200,15900,14100,26500,21200Ogmore,15900,12200,25100,21400,13800,13100,25200,21200Pontypridd,15800,13500,26100,21100,16600,14200,27600,21900Preseli Pembrokeshire,12800,10200,22000,17800,15100,13300,23900,19200Rhondda,13900,13000,22500,19900,13000,12300,22500,19900Swansea East,13200,11100,22800,20100,14200,12600,23300,19900Swansea West,24600,15200,27300,20700,17000,15100,28500,21200Torfaen,14000,13900,22300,18900,14700,12300,23400,19500Vale of Clwyd,17000,10600,24000,19900,13600,12300,25500,20400Vale of Glamorgan,19200,13400,26800,21400,18600,16900,30900,23000Wrexham,22900,13900,24500,20500,15700,13900,26200,20600Ynys M™n,12200,7860,22900,21100,16000,14600,25500,21500