ID,PCON16CD,PCON16NM,region1,W07000049,Aberavon,Wales2,W07000058,Aberconwy,Wales3,S14000001,Aberdeen North,Scotland4,S14000002,Aberdeen South,Scotland5,S14000003,Airdrie and Shotts,Scotland6,E14000530,Aldershot,South East7,E14000531,Aldridge-Brownhills,West Midlands8,E14000532,Altrincham and Sale West,North West9,W07000043,Alyn and Deeside,Wales10,E14000533,Amber Valley,East Midlands11,S14000004,Angus,Scotland12,W07000057,Arfon,Wales13,S14000005,Argyll and Bute,Scotland14,E14000534,Arundel and South Downs,South East15,E14000535,Ashfield,East Midlands16,E14000536,Ashford,South East17,E14000537,Ashton-under-Lyne,North West18,E14000538,Aylesbury,South East19,S14000006,"Ayr, Carrick and Cumnock",Scotland20,E14000539,Banbury,South East21,S14000007,Banff and Buchan,Scotland22,E14000540,Barking,London23,E14000541,Barnsley Central,Yorkshire & the Humber24,E14000542,Barnsley East,Yorkshire & the Humber25,E14000543,Barrow and Furness,North West26,E14000544,Basildon and Billericay,Eastern27,E14000545,Basingstoke,South East28,E14000546,Bassetlaw,East Midlands29,E14000547,Bath,South West30,E14000548,Batley and Spen,Yorkshire & the Humber31,E14000549,Battersea,London32,E14000550,Beaconsfield,South East33,E14000551,Beckenham,London34,E14000552,Bedford,Eastern35,N06000001,Belfast East,Northern Ireland36,N06000002,Belfast North,Northern Ireland37,N06000003,Belfast South,Northern Ireland38,N06000004,Belfast West,Northern Ireland39,E14000553,Bermondsey and Old Southwark,London40,E14000554,Berwick-upon-Tweed,North East41,S14000008,"Berwickshire, Roxburgh and Selkirk",Scotland42,E14000555,Bethnal Green and Bow,London43,E14000556,Beverley and Holderness,Yorkshire & the Humber44,E14000557,Bexhill and Battle,South East45,E14000558,Bexleyheath and Crayford,London46,E14000559,Birkenhead,North West47,E14000560,"Birmingham, Edgbaston",West Midlands48,E14000561,"Birmingham, Erdington",West Midlands49,E14000562,"Birmingham, Hall Green",West Midlands50,E14000563,"Birmingham, Hodge Hill",West Midlands51,E14000564,"Birmingham, Ladywood",West Midlands52,E14000565,"Birmingham, Northfield",West Midlands53,E14000566,"Birmingham, Perry Barr",West Midlands54,E14000567,"Birmingham, Selly Oak",West Midlands55,E14000568,"Birmingham, Yardley",West Midlands56,E14000569,Bishop Auckland,North East57,E14000570,Blackburn,North West58,E14000571,Blackley and Broughton,North West59,E14000572,Blackpool North and Cleveleys,North West60,E14000573,Blackpool South,North West61,W07000072,Blaenau Gwent,Wales62,E14000574,Blaydon,North East63,E14000575,Blyth Valley,North East64,E14000576,Bognor Regis and Littlehampton,South East65,E14000577,Bolsover,East Midlands66,E14000578,Bolton North East,North West67,E14000579,Bolton South East,North West68,E14000580,Bolton West,North West69,E14000581,Bootle,North West70,E14000582,Boston and Skegness,East Midlands71,E14000583,Bosworth,East Midlands72,E14000584,Bournemouth East,South West73,E14000585,Bournemouth West,South West74,E14000586,Bracknell,South East75,E14000587,Bradford East,Yorkshire & the Humber76,E14000588,Bradford South,Yorkshire & the Humber77,E14000589,Bradford West,Yorkshire & the Humber78,E14000590,Braintree,Eastern79,W07000068,Brecon and Radnorshire,Wales80,E14000591,Brent Central,London81,E14000592,Brent North,London82,E14000593,Brentford and Isleworth,London83,E14000594,Brentwood and Ongar,Eastern84,W07000073,Bridgend,Wales85,E14000595,Bridgwater and West Somerset,South West86,E14000596,Brigg and Goole,Yorkshire & the Humber87,E14000597,"Brighton, Kemptown",South East88,E14000598,"Brighton, Pavilion",South East89,E14000599,Bristol East,South West90,E14000600,Bristol North West,South West91,E14000601,Bristol South,South West92,E14000602,Bristol West,South West93,E14000603,Broadland,Eastern94,E14000604,Bromley and Chislehurst,London95,E14000605,Bromsgrove,West Midlands96,E14000606,Broxbourne,Eastern97,E14000607,Broxtowe,East Midlands98,E14000608,Buckingham,South East99,E14000609,Burnley,North West100,E14000610,Burton,West Midlands101,E14000611,Bury North,North West102,E14000612,Bury South,North West103,E14000613,Bury St Edmunds,Eastern104,W07000076,Caerphilly,Wales105,S14000009,"Caithness, Sutherland and Easter Ross",Scotland106,E14000614,Calder Valley,Yorkshire & the Humber107,E14000615,Camberwell and Peckham,London108,E14000616,Camborne and Redruth,South West109,E14000617,Cambridge,Eastern110,E14000618,Cannock Chase,West Midlands111,E14000619,Canterbury,South East112,W07000050,Cardiff Central,Wales113,W07000051,Cardiff North,Wales114,W07000080,Cardiff South and Penarth,Wales115,W07000079,Cardiff West,Wales116,E14000620,Carlisle,North West117,W07000067,Carmarthen East and Dinefwr,Wales118,W07000066,Carmarthen West and South Pembrokeshire,Wales119,E14000621,Carshalton and Wallington,London120,E14000622,Castle Point,Eastern121,S14000010,Central Ayrshire,Scotland122,E14000623,Central Devon,South West123,E14000624,Central Suffolk and North Ipswich,Eastern124,W07000064,Ceredigion,Wales125,E14000625,Charnwood,East Midlands126,E14000626,Chatham and Aylesford,South East127,E14000627,Cheadle,North West128,E14000628,Chelmsford,Eastern129,E14000629,Chelsea and Fulham,London130,E14000630,Cheltenham,South West131,E14000631,Chesham and Amersham,South East132,E14000632,Chesterfield,East Midlands133,E14000633,Chichester,South East134,E14000634,Chingford and Woodford Green,London135,E14000635,Chippenham,South West136,E14000636,Chipping Barnet,London137,E14000637,Chorley,North West138,E14000638,Christchurch,South West139,E14000639,Cities of London and Westminster,London140,E14000640,City of Chester,North West141,E14000641,City of Durham,North East142,E14000642,Clacton,Eastern143,E14000643,Cleethorpes,Yorkshire & the Humber144,W07000062,Clwyd South,Wales145,W07000059,Clwyd West,Wales146,S14000011,"Coatbridge, Chryston and Bellshill",Scotland147,E14000644,Colchester,Eastern148,E14000645,Colne Valley,Yorkshire & the Humber149,E14000646,Congleton,North West150,E14000647,Copeland,North West151,E14000648,Corby,East Midlands152,E14000649,Coventry North East,West Midlands153,E14000650,Coventry North West,West Midlands154,E14000651,Coventry South,West Midlands155,E14000652,Crawley,South East156,E14000653,Crewe and Nantwich,North West157,E14000654,Croydon Central,London158,E14000655,Croydon North,London159,E14000656,Croydon South,London160,S14000012,"Cumbernauld, Kilsyth and Kirkintilloch East",Scotland161,W07000070,Cynon Valley,Wales162,E14000657,Dagenham and Rainham,London163,E14000658,Darlington,North East164,E14000659,Dartford,South East165,E14000660,Daventry,East Midlands166,W07000042,Delyn,Wales167,E14000661,Denton and Reddish,North West168,E14000662,Derby North,East Midlands169,E14000663,Derby South,East Midlands170,E14000664,Derbyshire Dales,East Midlands171,E14000665,Devizes,South West172,E14000666,Dewsbury,Yorkshire & the Humber173,E14000667,Don Valley,Yorkshire & the Humber174,E14000668,Doncaster Central,Yorkshire & the Humber175,E14000669,Doncaster North,Yorkshire & the Humber176,E14000670,Dover,South East177,E14000671,Dudley North,West Midlands178,E14000672,Dudley South,West Midlands179,E14000673,Dulwich and West Norwood,London180,S14000013,Dumfries and Galloway,Scotland181,S14000014,"Dumfriesshire, Clydesdale and Tweeddale",Scotland182,S14000015,Dundee East,Scotland183,S14000016,Dundee West,Scotland184,S14000017,Dunfermline and West Fife,Scotland185,W07000061,Dwyfor Meirionnydd,Wales186,E14000674,Ealing Central and Acton,London187,E14000675,Ealing North,London188,E14000676,"Ealing, Southall",London189,E14000677,Easington,North East190,N06000005,East Antrim,Northern Ireland191,E14000678,East Devon,South West192,S14000018,East Dunbartonshire,Scotland193,E14000679,East Ham,London194,E14000680,East Hampshire,South East195,S14000019,"East Kilbride, Strathaven and Lesmahagow",Scotland196,N06000006,East Londonderry,Northern Ireland197,S14000020,East Lothian,Scotland198,S14000021,East Renfrewshire,Scotland199,E14000681,East Surrey,South East200,E14000682,East Worthing and Shoreham,South East201,E14000683,East Yorkshire,Yorkshire & the Humber202,E14000684,Eastbourne,South East203,E14000685,Eastleigh,South East204,E14000686,Eddisbury,North West205,S14000022,Edinburgh East,Scotland206,S14000023,Edinburgh North and Leith,Scotland207,S14000024,Edinburgh South,Scotland208,S14000025,Edinburgh South West,Scotland209,S14000026,Edinburgh West,Scotland210,E14000687,Edmonton,London211,E14000688,Ellesmere Port and Neston,North West212,E14000689,Elmet and Rothwell,Yorkshire & the Humber213,E14000690,Eltham,London214,E14000691,Enfield North,London215,E14000692,"Enfield, Southgate",London216,E14000693,Epping Forest,Eastern217,E14000694,Epsom and Ewell,South East218,E14000695,Erewash,East Midlands219,E14000696,Erith and Thamesmead,London220,E14000697,Esher and Walton,South East221,E14000698,Exeter,South West222,S14000028,Falkirk,Scotland223,E14000699,Fareham,South East224,E14000700,Faversham and Mid Kent,South East225,E14000701,Feltham and Heston,London226,N06000007,Fermanagh and South Tyrone,Northern Ireland227,E14000702,Filton and Bradley Stoke,South West228,E14000703,Finchley and Golders Green,London229,E14000704,Folkestone and Hythe,South East230,E14000705,Forest of Dean,South West231,N06000008,Foyle,Northern Ireland232,E14000706,Fylde,North West233,E14000707,Gainsborough,East Midlands234,E14000708,Garston and Halewood,North West235,E14000709,Gateshead,North East236,E14000710,Gedling,East Midlands237,E14000711,Gillingham and Rainham,South East238,S14000029,Glasgow Central,Scotland239,S14000030,Glasgow East,Scotland240,S14000031,Glasgow North,Scotland241,S14000032,Glasgow North East,Scotland242,S14000033,Glasgow North West,Scotland243,S14000034,Glasgow South,Scotland244,S14000035,Glasgow South West,Scotland245,S14000036,Glenrothes,Scotland246,E14000712,Gloucester,South West247,S14000037,Gordon,Scotland248,E14000713,Gosport,South East249,W07000046,Gower,Wales250,E14000714,Grantham and Stamford,East Midlands251,E14000715,Gravesham,South East252,E14000716,Great Grimsby,Yorkshire & the Humber253,E14000717,Great Yarmouth,Eastern254,E14000718,Greenwich and Woolwich,London255,E14000719,Guildford,South East256,E14000720,Hackney North and Stoke Newington,London257,E14000721,Hackney South and Shoreditch,London258,E14000722,Halesowen and Rowley Regis,West Midlands259,E14000723,Halifax,Yorkshire & the Humber260,E14000724,Haltemprice and Howden,Yorkshire & the Humber261,E14000725,Halton,North West262,E14000726,Hammersmith,London263,E14000727,Hampstead and Kilburn,London264,E14000728,Harborough,East Midlands265,E14000729,Harlow,Eastern266,E14000730,Harrogate and Knaresborough,Yorkshire & the Humber267,E14000731,Harrow East,London268,E14000732,Harrow West,London269,E14000733,Hartlepool,North East270,E14000734,Harwich and North Essex,Eastern271,E14000735,Hastings and Rye,South East272,E14000736,Havant,South East273,E14000737,Hayes and Harlington,London274,E14000738,Hazel Grove,North West275,E14000739,Hemel Hempstead,Eastern276,E14000740,Hemsworth,Yorkshire & the Humber277,E14000741,Hendon,London278,E14000742,Henley,South East279,E14000743,Hereford and South Herefordshire,West Midlands280,E14000744,Hertford and Stortford,Eastern281,E14000745,Hertsmere,Eastern282,E14000746,Hexham,North East283,E14000747,Heywood and Middleton,North West284,E14000748,High Peak,East Midlands285,E14000749,Hitchin and Harpenden,Eastern286,E14000750,Holborn and St Pancras,London287,E14000751,Hornchurch and Upminster,London288,E14000752,Hornsey and Wood Green,London289,E14000753,Horsham,South East290,E14000754,Houghton and Sunderland South,North East291,E14000755,Hove,South East292,E14000756,Huddersfield,Yorkshire & the Humber293,E14000757,Huntingdon,Eastern294,E14000758,Hyndburn,North West295,E14000759,Ilford North,London296,E14000760,Ilford South,London297,S14000038,Inverclyde,Scotland298,S14000039,"Inverness, Nairn, Badenoch and Strathspey",Scotland299,E14000761,Ipswich,Eastern300,E14000762,Isle of Wight,South East301,E14000763,Islington North,London302,E14000764,Islington South and Finsbury,London303,W07000077,Islwyn,Wales304,E14000765,Jarrow,North East305,E14000766,Keighley,Yorkshire & the Humber306,E14000767,Kenilworth and Southam,West Midlands307,E14000768,Kensington,London308,E14000769,Kettering,East Midlands309,S14000040,Kilmarnock and Loudoun,Scotland310,E14000770,Kingston and Surbiton,London311,E14000771,Kingston upon Hull East,Yorkshire & the Humber312,E14000772,Kingston upon Hull North,Yorkshire & the Humber313,E14000773,Kingston upon Hull West and Hessle,Yorkshire & the Humber314,E14000774,Kingswood,South West315,S14000041,Kirkcaldy and Cowdenbeath,Scotland316,E14000775,Knowsley,North West317,N06000009,Lagan Valley,Northern Ireland318,S14000042,Lanark and Hamilton East,Scotland319,E14000776,Lancaster and Fleetwood,North West320,E14000777,Leeds Central,Yorkshire & the Humber321,E14000778,Leeds East,Yorkshire & the Humber322,E14000779,Leeds North East,Yorkshire & the Humber323,E14000780,Leeds North West,Yorkshire & the Humber324,E14000781,Leeds West,Yorkshire & the Humber325,E14000782,Leicester East,East Midlands326,E14000783,Leicester South,East Midlands327,E14000784,Leicester West,East Midlands328,E14000785,Leigh,North West329,E14000786,Lewes,South East330,E14000787,Lewisham East,London331,E14000788,Lewisham West and Penge,London332,E14000789,"Lewisham, Deptford",London333,E14000790,Leyton and Wanstead,London334,E14000791,Lichfield,West Midlands335,E14000792,Lincoln,East Midlands336,S14000043,Linlithgow and East Falkirk,Scotland337,E14000793,"Liverpool, Riverside",North West338,E14000794,"Liverpool, Walton",North West339,E14000795,"Liverpool, Wavertree",North West340,E14000796,"Liverpool, West Derby",North West341,S14000044,Livingston,Scotland342,W07000045,Llanelli,Wales343,E14000797,Loughborough,East Midlands344,E14000798,Louth and Horncastle,East Midlands345,E14000799,Ludlow,West Midlands346,E14000800,Luton North,Eastern347,E14000801,Luton South,Eastern348,E14000802,Macclesfield,North West349,E14000803,Maidenhead,South East350,E14000804,Maidstone and The Weald,South East351,E14000805,Makerfield,North West352,E14000806,Maldon,Eastern353,E14000807,Manchester Central,North West354,E14000808,"Manchester, Gorton",North West355,E14000809,"Manchester, Withington",North West356,E14000810,Mansfield,East Midlands357,E14000811,Meon Valley,South East358,E14000812,Meriden,West Midlands359,W07000071,Merthyr Tydfil and Rhymney,Wales360,E14000813,Mid Bedfordshire,Eastern361,E14000814,Mid Derbyshire,East Midlands362,E14000815,Mid Dorset and North Poole,South West363,E14000816,Mid Norfolk,Eastern364,E14000817,Mid Sussex,South East365,N06000010,Mid Ulster,Northern Ireland366,E14000818,Mid Worcestershire,West Midlands367,E14000819,Middlesbrough,North East368,E14000820,Middlesbrough South and East Cleveland,North East369,S14000045,Midlothian,Scotland370,E14000821,Milton Keynes North,South East371,E14000822,Milton Keynes South,South East372,E14000823,Mitcham and Morden,London373,E14000824,Mole Valley,South East374,W07000054,Monmouth,Wales375,W07000063,Montgomeryshire,Wales376,S14000046,Moray,Scotland377,E14000825,Morecambe and Lunesdale,North West378,E14000826,Morley and Outwood,Yorkshire & the Humber379,S14000047,Motherwell and Wishaw,Scotland380,S14000027,Na h-Eileanan an Iar,Scotland381,W07000069,Neath,Wales382,E14000827,New Forest East,South East383,E14000828,New Forest West,South East384,E14000829,Newark,East Midlands385,E14000830,Newbury,South East386,E14000831,Newcastle upon Tyne Central,North East387,E14000832,Newcastle upon Tyne East,North East388,E14000833,Newcastle upon Tyne North,North East389,E14000834,Newcastle-under-Lyme,West Midlands390,W07000055,Newport East,Wales391,W07000056,Newport West,Wales392,N06000011,Newry and Armagh,Northern Ireland393,E14000835,Newton Abbot,South West394,E14000836,"Normanton, Pontefract and Castleford",Yorkshire & the Humber395,N06000012,North Antrim,Northern Ireland396,S14000048,North Ayrshire and Arran,Scotland397,E14000837,North Cornwall,South West398,E14000838,North Devon,South West399,E14000839,North Dorset,South West400,N06000013,North Down,Northern Ireland401,E14000840,North Durham,North East402,E14000841,North East Bedfordshire,Eastern403,E14000842,North East Cambridgeshire,Eastern404,E14000843,North East Derbyshire,East Midlands405,S14000049,North East Fife,Scotland406,E14000844,North East Hampshire,South East407,E14000845,North East Hertfordshire,Eastern408,E14000846,North East Somerset,South West409,E14000847,North Herefordshire,West Midlands410,E14000848,North Norfolk,Eastern411,E14000849,North Shropshire,West Midlands412,E14000850,North Somerset,South West413,E14000851,North Swindon,South West414,E14000852,North Thanet,South East415,E14000853,North Tyneside,North East416,E14000854,North Warwickshire,West Midlands417,E14000855,North West Cambridgeshire,Eastern418,E14000856,North West Durham,North East419,E14000857,North West Hampshire,South East420,E14000858,North West Leicestershire,East Midlands421,E14000859,North West Norfolk,Eastern422,E14000860,North Wiltshire,South West423,E14000861,Northampton North,East Midlands424,E14000862,Northampton South,East Midlands425,E14000863,Norwich North,Eastern426,E14000864,Norwich South,Eastern427,E14000865,Nottingham East,East Midlands428,E14000866,Nottingham North,East Midlands429,E14000867,Nottingham South,East Midlands430,E14000868,Nuneaton,West Midlands431,S14000050,Ochil and South Perthshire,Scotland432,W07000074,Ogmore,Wales433,E14000869,Old Bexley and Sidcup,London434,E14000870,Oldham East and Saddleworth,North West435,E14000871,Oldham West and Royton,North West436,S14000051,Orkney and Shetland,Scotland437,E14000872,Orpington,London438,E14000873,Oxford East,South East439,E14000874,Oxford West and Abingdon,South East440,S14000052,Paisley and Renfrewshire North,Scotland441,S14000053,Paisley and Renfrewshire South,Scotland442,E14000875,Pendle,North West443,E14000876,Penistone and Stocksbridge,Yorkshire & the Humber444,E14000877,Penrith and The Border,North West445,S14000054,Perth and North Perthshire,Scotland446,E14000878,Peterborough,Eastern447,E14000879,"Plymouth, Moor View",South West448,E14000880,"Plymouth, Sutton and Devonport",South West449,W07000075,Pontypridd,Wales450,E14000881,Poole,South West451,E14000882,Poplar and Limehouse,London452,E14000883,Portsmouth North,South East453,E14000884,Portsmouth South,South East454,W07000065,Preseli Pembrokeshire,Wales455,E14000885,Preston,North West456,E14000886,Pudsey,Yorkshire & the Humber457,E14000887,Putney,London458,E14000888,Rayleigh and Wickford,Eastern459,E14000889,Reading East,South East460,E14000890,Reading West,South East461,E14000891,Redcar,North East462,E14000892,Redditch,West Midlands463,E14000893,Reigate,South East464,W07000052,Rhondda,Wales465,E14000894,Ribble Valley,North West466,E14000895,Richmond (Yorks),Yorkshire & the Humber467,E14000896,Richmond Park,London468,E14000897,Rochdale,North West469,E14000898,Rochester and Strood,South East470,E14000899,Rochford and Southend East,Eastern471,E14000900,Romford,London472,E14000901,Romsey and Southampton North,South East473,S14000055,"Ross, Skye and Lochaber",Scotland474,E14000902,Rossendale and Darwen,North West475,E14000903,Rother Valley,Yorkshire & the Humber476,E14000904,Rotherham,Yorkshire & the Humber477,E14000905,Rugby,West Midlands478,E14000906,"Ruislip, Northwood and Pinner",London479,E14000907,Runnymede and Weybridge,South East480,E14000908,Rushcliffe,East Midlands481,S14000056,Rutherglen and Hamilton West,Scotland482,E14000909,Rutland and Melton,East Midlands483,E14000910,Saffron Walden,Eastern484,E14000911,Salford and Eccles,North West485,E14000912,Salisbury,South West486,E14000913,Scarborough and Whitby,Yorkshire & the Humber487,E14000914,Scunthorpe,Yorkshire & the Humber488,E14000915,Sedgefield,North East489,E14000916,Sefton Central,North West490,E14000917,Selby and Ainsty,Yorkshire & the Humber491,E14000918,Sevenoaks,South East492,E14000919,Sheffield Central,Yorkshire & the Humber493,E14000920,Sheffield South East,Yorkshire & the Humber494,E14000921,"Sheffield, Brightside and Hillsborough",Yorkshire & the Humber495,E14000922,"Sheffield, Hallam",Yorkshire & the Humber496,E14000923,"Sheffield, Heeley",Yorkshire & the Humber497,E14000924,Sherwood,East Midlands498,E14000925,Shipley,Yorkshire & the Humber499,E14000926,Shrewsbury and Atcham,West Midlands500,E14000927,Sittingbourne and Sheppey,South East501,E14000928,Skipton and Ripon,Yorkshire & the Humber502,E14000929,Sleaford and North Hykeham,East Midlands503,E14000930,Slough,South East504,E14000931,Solihull,West Midlands505,E14000932,Somerton and Frome,South West506,N06000014,South Antrim,Northern Ireland507,E14000933,South Basildon and East Thurrock,Eastern508,E14000934,South Cambridgeshire,Eastern509,E14000935,South Derbyshire,East Midlands510,E14000936,South Dorset,South West511,N06000015,South Down,Northern Ireland512,E14000937,South East Cambridgeshire,Eastern513,E14000938,South East Cornwall,South West514,E14000939,South Holland and The Deepings,East Midlands515,E14000940,South Leicestershire,East Midlands516,E14000941,South Norfolk,Eastern517,E14000942,South Northamptonshire,East Midlands518,E14000943,South Ribble,North West519,E14000944,South Shields,North East520,E14000945,South Staffordshire,West Midlands521,E14000946,South Suffolk,Eastern522,E14000947,South Swindon,South West523,E14000948,South Thanet,South East524,E14000949,South West Bedfordshire,Eastern525,E14000950,South West Devon,South West526,E14000951,South West Hertfordshire,Eastern527,E14000952,South West Norfolk,Eastern528,E14000953,South West Surrey,South East529,E14000954,South West Wiltshire,South West530,E14000955,"Southampton, Itchen",South East531,E14000956,"Southampton, Test",South East532,E14000957,Southend West,Eastern533,E14000958,Southport,North West534,E14000959,Spelthorne,South East535,E14000960,St Albans,Eastern536,E14000961,St Austell and Newquay,South West537,E14000962,St Helens North,North West538,E14000963,St Helens South and Whiston,North West539,E14000964,St Ives,South West540,E14000965,Stafford,West Midlands541,E14000966,Staffordshire Moorlands,West Midlands542,E14000967,Stalybridge and Hyde,North West543,E14000968,Stevenage,Eastern544,S14000057,Stirling,Scotland545,E14000969,Stockport,North West546,E14000970,Stockton North,North East547,E14000971,Stockton South,North East548,E14000972,Stoke-on-Trent Central,West Midlands549,E14000973,Stoke-on-Trent North,West Midlands550,E14000974,Stoke-on-Trent South,West Midlands551,E14000975,Stone,West Midlands552,E14000976,Stourbridge,West Midlands553,N06000016,Strangford,Northern Ireland554,E14000977,Stratford-on-Avon,West Midlands555,E14000978,Streatham,London556,E14000979,Stretford and Urmston,North West557,E14000980,Stroud,South West558,E14000981,Suffolk Coastal,Eastern559,E14000982,Sunderland Central,North East560,E14000983,Surrey Heath,South East561,E14000985,Sutton Coldfield,West Midlands562,E14000984,Sutton and Cheam,London563,W07000048,Swansea East,Wales564,W07000047,Swansea West,Wales565,E14000986,Tamworth,West Midlands566,E14000987,Tatton,North West567,E14000988,Taunton Deane,South West568,E14000989,Telford,West Midlands569,E14000990,Tewkesbury,South West570,E14000991,The Cotswolds,South West571,E14000992,The Wrekin,West Midlands572,E14000993,Thirsk and Malton,Yorkshire & the Humber573,E14000994,Thornbury and Yate,South West574,E14000995,Thurrock,Eastern575,E14000996,Tiverton and Honiton,South West576,E14000997,Tonbridge and Malling,South East577,E14000998,Tooting,London578,E14000999,Torbay,South West579,W07000053,Torfaen,Wales580,E14001000,Torridge and West Devon,South West581,E14001001,Totnes,South West582,E14001002,Tottenham,London583,E14001003,Truro and Falmouth,South West584,E14001004,Tunbridge Wells,South East585,E14001005,Twickenham,London586,E14001006,Tynemouth,North East587,N06000017,Upper Bann,Northern Ireland588,E14001007,Uxbridge and South Ruislip,London589,W07000060,Vale of Clwyd,Wales590,W07000078,Vale of Glamorgan,Wales591,E14001008,Vauxhall,London592,E14001009,Wakefield,Yorkshire & the Humber593,E14001010,Wallasey,North West594,E14001011,Walsall North,West Midlands595,E14001012,Walsall South,West Midlands596,E14001013,Walthamstow,London597,E14001014,Wansbeck,North East598,E14001015,Wantage,South East599,E14001016,Warley,West Midlands600,E14001017,Warrington North,North West601,E14001018,Warrington South,North West602,E14001019,Warwick and Leamington,West Midlands603,E14001020,Washington and Sunderland West,North East604,E14001021,Watford,Eastern605,E14001022,Waveney,Eastern606,E14001023,Wealden,South East607,E14001024,Weaver Vale,North West608,E14001025,Wellingborough,East Midlands609,E14001026,Wells,South West610,E14001027,Welwyn Hatfield,Eastern611,E14001028,Wentworth and Dearne,Yorkshire & the Humber612,S14000058,West Aberdeenshire and Kincardine,Scotland613,E14001029,West Bromwich East,West Midlands614,E14001030,West Bromwich West,West Midlands615,E14001031,West Dorset,South West616,S14000059,West Dunbartonshire,Scotland617,E14001032,West Ham,London618,E14001033,West Lancashire,North West619,E14001034,West Suffolk,Eastern620,N06000018,West Tyrone,Northern Ireland621,E14001035,West Worcestershire,West Midlands622,E14001036,Westminster North,London623,E14001037,Westmorland and Lonsdale,North West624,E14001038,Weston-super-Mare,625,E14001039,Wigan,North West626,E14001040,Wimbledon,London627,E14001041,Winchester,South East628,E14001042,Windsor,South East629,E14001043,Wirral South,North West630,E14001044,Wirral West,North West631,E14001045,Witham,Eastern632,E14001046,Witney,South East633,E14001047,Woking,South East634,E14001048,Wokingham,South East635,E14001049,Wolverhampton North East,West Midlands636,E14001050,Wolverhampton South East,West Midlands637,E14001051,Wolverhampton South West,West Midlands638,E14001052,Worcester,West Midlands639,E14001053,Workington,North West640,E14001054,Worsley and Eccles South,North West641,E14001055,Worthing West,South East642,W07000044,Wrexham,Wales643,E14001056,Wycombe,South East644,E14001058,Wyre Forest,West Midlands645,E14001057,Wyre and Preston North,North West646,E14001059,Wythenshawe and Sale East,North West647,E14001060,Yeovil,South West648,W07000041,Ynys Môn,649,E14001061,York Central,Yorkshire & the Humber650,E14001062,York Outer,Yorkshire & the Humber